donor_id,first_name,last_name,email,country,state,gender
D10000,Tiffany,Parks,coreyruiz@gmail.com,New Zealand,QLD,Male
D10001,Mark,Weeks,jacobroberts@raymond-martinez.com,India,NSW,Male
D10002,John,Hart,jesusnguyen@gmail.com,India,NT,Other
D10003,Matthew,Williams,wanda81@padilla.com,USA,VIC,Female
D10004,Gregory,Malone,pamelamcguire@bowen.info,USA,QLD,Male
D10005,Samantha,Rodriguez,joelharrison@yahoo.com,India,VIC,Other
D10006,Megan,Crane,qromero@perez.com,India,ACT,Male
D10007,Jeff,Wilson,adamsmegan@hotmail.com,USA,WA,Other
D10008,Aaron,Ramos,carolmcdonald@yahoo.com,USA,TAS,Other
D10009,Anthony,Greene,lauracervantes@gmail.com,New Zealand,TAS,Female
D10010,Jerry,White,smithrobert@haney-franklin.com,Australia,WA,Other
D10011,Nathan,Page,paul25@hotmail.com,New Zealand,QLD,Other
D10012,Andrew,Williams,gallegosstephen@johnson.com,New Zealand,VIC,Other
D10013,Mark,Prince,donna58@perez-neal.info,USA,QLD,Female
D10014,Nicholas,Hall,gayrobert@gmail.com,USA,ACT,Other
D10015,Sherri,Jones,graymichael@reynolds-douglas.com,Australia,WA,Male
D10016,Amanda,Monroe,younggregory@gmail.com,Australia,ACT,Female
D10017,Christopher,Pena,angela08@hotmail.com,New Zealand,QLD,Other
D10018,Kathleen,Parker,tstewart@yahoo.com,Australia,TAS,Other
D10019,Austin,Smith,traci37@yahoo.com,India,TAS,Male
D10020,Melissa,Burton,jerry36@bryan-davis.info,India,VIC,Male
D10021,Sandy,Wells,williamspatrick@smith.com,New Zealand,TAS,Male
D10022,Alexander,Travis,matthew74@dixon.net,Australia,ACT,Other
D10023,Tracy,Valencia,dunnscott@schultz-ford.net,New Zealand,WA,Other
D10024,Joanna,Hays,jacquelineyoung@yahoo.com,New Zealand,WA,Other
D10025,Natasha,Larson,angelalittle@gmail.com,USA,VIC,Female
D10026,Michele,Clark,emcdonald@gmail.com,Australia,TAS,Male
D10027,John,Flores,reneejenkins@flores.org,India,ACT,Other
D10028,Gabriel,Myers,piercecolleen@hotmail.com,Australia,SA,Male
D10029,Ellen,Shaw,bob18@allen-stevens.com,Australia,QLD,Male
D10030,David,Cruz,jordan29@stanley-osborn.biz,USA,TAS,Other
D10031,Anna,Parker,brandonchristensen@hotmail.com,India,QLD,Female
D10032,Colleen,Ortiz,allenroger@gmail.com,USA,NSW,Other
D10033,Bryan,Howard,samuel82@davis.com,India,NT,Other
D10034,Joseph,Moss,ltaylor@jackson.com,India,SA,Other
D10035,Jessica,James,ocruz@williams.com,India,QLD,Other
D10036,Lisa,Norman,michelle88@smith.com,New Zealand,NT,Other
D10037,Brittany,Clark,bmartin@bishop.com,New Zealand,NT,Other
D10038,Antonio,Nichols,lancevega@barker.com,USA,NSW,Male
D10039,Kimberly,Wilson,katelynmorris@hamilton.net,New Zealand,NT,Male
D10040,Kimberly,Flores,andersonrobert@hotmail.com,New Zealand,TAS,Male
D10041,Kerri,Ray,icastro@johnson.com,Australia,ACT,Male
D10042,Cheryl,Nelson,cassandra08@sanchez.biz,USA,NT,Male
D10043,Mike,Bowers,anna44@reynolds.com,USA,NSW,Other
D10044,Christopher,Turner,schristian@yahoo.com,India,WA,Female
D10045,Diana,Rogers,amy73@hotmail.com,USA,WA,Female
D10046,Kathy,Mercado,eblankenship@yahoo.com,USA,TAS,Female
D10047,Brenda,Nelson,qproctor@jackson-mitchell.biz,India,ACT,Female
D10048,Jessica,Adams,robin52@williams.info,New Zealand,VIC,Other
D10049,Jessica,Wagner,tfuller@hotmail.com,New Zealand,TAS,Female
D10050,Kimberly,Mitchell,rmccann@yahoo.com,Australia,SA,Other
D10051,Derrick,Marsh,lisa95@price.net,India,SA,Male
D10052,Jennifer,Jones,scottmaldonado@gmail.com,New Zealand,ACT,Male
D10053,Brenda,Smith,ybutler@hotmail.com,India,ACT,Female
D10054,Amanda,Dean,bfloyd@hotmail.com,New Zealand,NT,Other
D10055,Rebecca,Woods,parkerjoshua@foster.com,India,NT,Male
D10056,George,Gray,salazaredward@yahoo.com,Australia,TAS,Male
D10057,Philip,Wolfe,nicholas65@baker.com,USA,NT,Male
D10058,Manuel,Martinez,vhudson@jones.com,New Zealand,ACT,Female
D10059,Wayne,Molina,kirkbrian@gmail.com,USA,NSW,Other
D10060,Sarah,Kennedy,william86@bullock.com,USA,SA,Female
D10061,Richard,Mata,blairjoseph@brewer.com,Australia,ACT,Female
D10062,Michael,Perry,xrandolph@sutton-porter.com,Australia,QLD,Male
D10063,Andrew,Garza,thomas84@gmail.com,Australia,WA,Female
D10064,Michelle,King,alexanderdeborah@thomas-mccormick.org,India,WA,Female
D10065,Sharon,Black,millerjessica@estrada-hurst.org,New Zealand,QLD,Female
D10066,Leah,Ramos,garrettgarrett@hotmail.com,India,QLD,Male
D10067,Thomas,Davis,nicholas59@hotmail.com,New Zealand,SA,Other
D10068,Sara,Gray,madelinelane@gmail.com,New Zealand,SA,Female
D10069,Jason,Williams,murillosteven@hotmail.com,Australia,WA,Other
D10070,Randy,Velez,emendoza@hotmail.com,India,WA,Male
D10071,Lauren,Williams,joshuaevans@yahoo.com,USA,TAS,Other
D10072,Emma,Hendricks,sullivanallen@yahoo.com,India,SA,Other
D10073,Lawrence,Butler,zstephens@ortega.info,Australia,NT,Other
D10074,Christopher,Hunt,stephaniediaz@hudson.net,USA,SA,Other
D10075,Michelle,Bennett,angelajohnson@cook.info,India,NSW,Other
D10076,Anthony,Martin,zmanning@yahoo.com,Australia,VIC,Other
D10077,Tamara,Singh,kenneth69@tucker.com,New Zealand,ACT,Female
D10078,Joseph,Stanley,shawnturner@gmail.com,USA,NSW,Male
D10079,Lindsey,Stevens,lauraturner@anderson-taylor.com,New Zealand,QLD,Female
D10080,Olivia,Newton,wolfmichelle@yahoo.com,India,TAS,Other
D10081,Holly,Delgado,rfoster@yahoo.com,USA,VIC,Other
D10082,Christine,Flores,monicalamb@alvarez.com,India,WA,Other
D10083,Alex,Bautista,hmartin@mcclure.com,USA,SA,Male
D10084,Christina,Hernandez,alex87@bass.com,India,ACT,Female
D10085,Sherry,Jones,michellewebb@gmail.com,Australia,NT,Male
D10086,Brett,Gonzalez,rgreen@gmail.com,India,SA,Female
D10087,Mary,Cox,brittanyweber@rivera.com,New Zealand,NT,Other
D10088,Oscar,Hernandez,alexandertaylor@hotmail.com,India,ACT,Female
D10089,James,Myers,rmurphy@lyons.com,India,SA,Male
D10090,Anna,Garcia,bsmith@choi.org,USA,NT,Male
D10091,Christina,Freeman,kaufmanjonathan@gmail.com,USA,NSW,Male
D10092,David,Powell,elliottmary@raymond-singh.com,Australia,QLD,Male
D10093,Stephanie,Li,nwalter@yahoo.com,USA,SA,Female
D10094,Pamela,Huffman,joycecole@allen.org,USA,ACT,Female
D10095,Jesse,Smith,steeleamber@austin.com,USA,TAS,Female
D10096,Amanda,Olson,tamara49@hotmail.com,USA,SA,Female
D10097,Mark,Elliott,clawson@hayes-liu.net,New Zealand,TAS,Other
D10098,Eric,Cooper,kristina97@yahoo.com,USA,NT,Other
D10099,James,Gregory,philip78@yahoo.com,India,TAS,Female
D10100,Scott,Martinez,vschroeder@yahoo.com,Australia,VIC,Female
D10101,Erica,Campbell,yfitzpatrick@bryan-rogers.com,USA,VIC,Female
D10102,Brianna,Guerrero,bpham@yahoo.com,USA,TAS,Female
D10103,Christine,Stewart,ashleymills@gmail.com,Australia,NT,Female
D10104,Bradley,Long,udiaz@wilkins-gates.com,New Zealand,SA,Male
D10105,Mark,Miller,aarongreen@farley.com,Australia,VIC,Female
D10106,Brandy,Briggs,jessicamoore@hotmail.com,New Zealand,QLD,Other
D10107,Mary,Mccall,amberreynolds@olsen.com,Australia,VIC,Other
D10108,Jacqueline,Lee,robert10@alvarez.com,Australia,VIC,Female
D10109,John,Adams,robert78@bridges.com,USA,ACT,Female
D10110,Megan,Jackson,elambert@harding.com,India,VIC,Male
D10111,Kim,Baker,newtonstephanie@smith-fisher.com,USA,WA,Other
D10112,Courtney,Thompson,christopher35@pierce.com,New Zealand,VIC,Male
D10113,Sharon,Wu,bryantdonald@williams-williamson.net,Australia,ACT,Female
D10114,Nicole,Pena,evargas@yahoo.com,New Zealand,TAS,Male
D10115,Alexandra,Ray,kelly14@perez-morgan.com,India,VIC,Female
D10116,Douglas,Wagner,kmcintyre@yahoo.com,India,VIC,Male
D10117,Mary,Harrington,nkane@hotmail.com,India,ACT,Female
D10118,Julie,Green,mcdowelljohn@estes.biz,New Zealand,SA,Male
D10119,Kevin,Webster,millermichael@clements.com,New Zealand,TAS,Female
D10120,Dawn,Wright,yknight@yahoo.com,USA,ACT,Other
D10121,Julia,Frank,jennifersalazar@hensley.com,India,NT,Female
D10122,Brian,Wright,coltonclark@hotmail.com,India,TAS,Male
D10123,Lynn,Jackson,bryanblevins@mcclain.com,USA,QLD,Female
D10124,Patricia,Cook,rcole@williams-benitez.com,USA,NT,Other
D10125,Cody,Stevens,robertrobinson@martinez-williams.com,USA,QLD,Other
D10126,Miguel,Davis,williamsjames@jones-castillo.com,USA,TAS,Male
D10127,Brandy,Clark,willisemily@parker-wright.net,India,VIC,Other
D10128,Kristine,Liu,wrightlori@yahoo.com,New Zealand,NT,Female
D10129,Austin,Maldonado,thomasreese@gmail.com,India,QLD,Female
D10130,Chase,Joseph,emily22@barnes-anderson.com,New Zealand,ACT,Male
D10131,Cindy,Patterson,michaelsmith@christensen.com,India,ACT,Other
D10132,Marisa,Lopez,anna70@yahoo.com,Australia,NT,Female
D10133,Ashley,Henderson,mcgrathstephen@hotmail.com,Australia,NT,Other
D10134,Scott,Moore,vandrade@davis-taylor.com,India,QLD,Male
D10135,Benjamin,Turner,zreid@ford-cook.com,USA,QLD,Male
D10136,Melissa,Brown,paul22@hotmail.com,USA,VIC,Other
D10137,Troy,Green,millermelanie@snow-nguyen.info,India,WA,Female
D10138,Matthew,Reynolds,swatson@gmail.com,New Zealand,SA,Other
D10139,Keith,Carey,martin57@hotmail.com,USA,VIC,Female
D10140,Patrick,Jenkins,james57@oliver-jones.net,India,NSW,Male
D10141,Christine,Lambert,david49@powell-small.com,USA,SA,Other
D10142,Kevin,Ward,stephenscarolyn@maddox.com,India,TAS,Other
D10143,Paula,Tucker,joshuacooper@smith-ramos.info,USA,NT,Female
D10144,Melissa,Moore,nathanielhardy@hotmail.com,India,SA,Male
D10145,James,Harris,angelaguerrero@gmail.com,USA,SA,Male
D10146,Ryan,King,fwaller@hernandez-jones.org,USA,QLD,Female
D10147,Laurie,Valencia,amy04@smith.com,New Zealand,TAS,Other
D10148,Timothy,Richards,catherine12@baker.com,Australia,WA,Female
D10149,Daniel,Ramirez,albertcampbell@chambers.com,Australia,ACT,Female
D10150,Meagan,Stafford,wagnerrachel@gomez-livingston.com,USA,WA,Male
D10151,Jennifer,Hill,campbellrebecca@hotmail.com,New Zealand,TAS,Female
D10152,Claudia,Jefferson,sarahwatson@cole.com,New Zealand,ACT,Female
D10153,Jennifer,Wheeler,davidkeller@cameron.com,India,SA,Other
D10154,Matthew,Wilson,wjohnson@daniels-smith.com,New Zealand,ACT,Female
D10155,William,Ward,beth39@daniels-lawrence.com,Australia,WA,Other
D10156,Jessica,Wright,kimberlycontreras@gmail.com,India,NT,Female
D10157,Mark,Simpson,evansbrian@garcia.info,India,NSW,Male
D10158,Bridget,Woodward,kwilliams@edwards.com,India,SA,Male
D10159,Lisa,Shepherd,kelseybell@gmail.com,Australia,QLD,Other
D10160,Sarah,Atkinson,shortbarbara@moran.com,India,TAS,Other
D10161,Abigail,Patel,sbecker@alexander-mayer.com,Australia,WA,Male
D10162,Jodi,Carter,elizabethmay@gmail.com,USA,ACT,Male
D10163,Carolyn,Whitney,tammyward@gmail.com,India,WA,Other
D10164,Brittany,Mendez,jessicamckenzie@richmond.com,Australia,ACT,Male
D10165,Brad,Collins,jeffharris@jennings.com,New Zealand,SA,Other
D10166,Edward,Beck,audreyfoley@lopez-williams.org,Australia,QLD,Female
D10167,Robert,Gonzales,stephanieberger@fox.biz,New Zealand,SA,Other
D10168,Duane,Hawkins,pmeyer@hotmail.com,USA,NT,Male
D10169,Tracy,Novak,rnash@hotmail.com,India,QLD,Male
D10170,Jessica,Smith,watkinsjerry@yahoo.com,USA,WA,Female
D10171,Calvin,Perkins,eric37@yahoo.com,New Zealand,NT,Female
D10172,Wanda,Keller,hwright@evans.com,India,NT,Other
D10173,Austin,Snow,millsbrandon@hotmail.com,India,NSW,Female
D10174,Laura,Huffman,webstercynthia@conley.com,India,QLD,Other
D10175,Matthew,Perez,harringtonlisa@wagner-smith.org,Australia,QLD,Male
D10176,Janice,Mcdowell,aprilberry@yahoo.com,USA,NT,Other
D10177,Gina,Hall,jamesjohnson@webster-drake.com,New Zealand,SA,Other
D10178,Molly,Rios,mullenjames@yahoo.com,India,WA,Male
D10179,Valerie,Powell,nicolebryant@gmail.com,Australia,NT,Other
D10180,Jessica,Harris,kingheather@craig.info,India,QLD,Male
D10181,Casey,Hunt,christopherporter@hotmail.com,India,ACT,Female
D10182,James,Mendoza,ericjones@yahoo.com,New Zealand,NT,Other
D10183,Brian,Washington,terrynicole@yahoo.com,New Zealand,NT,Other
D10184,Catherine,Fowler,anthonyruiz@daniels-george.com,USA,TAS,Female
D10185,Catherine,Moses,millerwendy@kramer.biz,USA,TAS,Male
D10186,Breanna,Banks,samuelbolton@gmail.com,New Zealand,QLD,Other
D10187,Kevin,Jimenez,john19@hotmail.com,New Zealand,SA,Other
D10188,Allison,Garcia,joseph68@cooper.biz,Australia,ACT,Female
D10189,Matthew,Williams,tonikennedy@yahoo.com,India,SA,Male
D10190,Andrew,Williams,wilsonsamuel@bell-gill.com,USA,SA,Male
D10191,Lori,Olson,charlesgarcia@gmail.com,New Zealand,SA,Male
D10192,Joseph,Lamb,jacobsjohn@jones.com,New Zealand,ACT,Other
D10193,Justin,Henderson,zrivera@gmail.com,New Zealand,QLD,Other
D10194,Joseph,Reid,desireebanks@hotmail.com,India,QLD,Other
D10195,Jason,Munoz,helen77@clark.com,Australia,VIC,Female
D10196,Craig,Peters,zstone@campos-tucker.org,India,VIC,Male
D10197,Sylvia,Tyler,jacob22@yahoo.com,Australia,NSW,Other
D10198,Mitchell,Jenkins,miguel77@thomas.org,Australia,ACT,Other
D10199,Bradley,Morgan,keith01@gmail.com,New Zealand,SA,Male
D10200,Teresa,Newton,vjohnson@french.com,India,NT,Female
D10201,Brandi,Mckenzie,qcollins@hotmail.com,New Zealand,NSW,Male
D10202,Kyle,Barnes,kathleencameron@villa.biz,India,ACT,Male
D10203,Joseph,Flores,wkerr@hotmail.com,India,TAS,Male
D10204,Kyle,Serrano,robertsanchez@roy.info,India,NSW,Other
D10205,Dawn,Nelson,sroach@martin-scott.com,India,VIC,Male
D10206,Timothy,Torres,richard63@drake.org,New Zealand,NSW,Female
D10207,Laura,Clarke,melanielozano@bowen.com,New Zealand,SA,Female
D10208,Samantha,Kim,kimberlyhall@hall.biz,New Zealand,WA,Female
D10209,Keith,Ryan,nyoung@glass.org,New Zealand,VIC,Female
D10210,Megan,Rogers,uwilkerson@hotmail.com,India,ACT,Male
D10211,Julie,Kelly,frodgers@hotmail.com,Australia,QLD,Other
D10212,Angela,Hill,christophersmith@hotmail.com,USA,WA,Female
D10213,Jessica,Wade,george97@kaufman.com,Australia,TAS,Male
D10214,Nathan,Kirby,sfigueroa@yahoo.com,USA,NSW,Male
D10215,Breanna,Oneal,peterrobinson@jackson.com,New Zealand,ACT,Male
D10216,Hayden,Gardner,cynthia76@anderson-aguilar.org,Australia,SA,Female
D10217,Ashley,Walsh,iruiz@yahoo.com,Australia,WA,Male
D10218,Timothy,Curry,dianamartinez@hotmail.com,India,VIC,Male
D10219,Mark,Pierce,vturner@hartman.biz,India,ACT,Male
D10220,Alejandro,Cox,porterkyle@hotmail.com,New Zealand,VIC,Male
D10221,Catherine,Brown,elizabethjames@yahoo.com,New Zealand,NT,Male
D10222,Zachary,Terry,bstephens@patel.com,USA,TAS,Other
D10223,Andres,Wall,mbrown@smith.com,New Zealand,NT,Female
D10224,Ashley,Gomez,villanuevaandrea@yahoo.com,New Zealand,VIC,Other
D10225,Carolyn,Preston,albertnavarro@yahoo.com,New Zealand,TAS,Male
D10226,Keith,Gibson,jessicamcintyre@buchanan.com,India,WA,Other
D10227,Megan,Kidd,larry37@lawrence-smith.com,New Zealand,WA,Male
D10228,Marie,Lambert,carrcassandra@reed.com,Australia,TAS,Other
D10229,Scott,Brooks,jeffery18@yahoo.com,India,TAS,Female
D10230,Christopher,Johnson,shaun89@potter-mcbride.com,India,NSW,Female
D10231,Jeffery,Oconnor,diane76@hotmail.com,USA,VIC,Male
D10232,David,Nelson,xrice@yahoo.com,Australia,SA,Other
D10233,Barbara,Hicks,nichole98@hotmail.com,New Zealand,NSW,Other
D10234,Laura,Hanson,wilkinscassie@diaz.com,New Zealand,SA,Other
D10235,Joseph,Phillips,lindsayheath@gmail.com,USA,TAS,Other
D10236,Morgan,Sullivan,williamsandrea@smith-smith.com,New Zealand,WA,Other
D10237,Melinda,Williams,amy79@yahoo.com,New Zealand,VIC,Female
D10238,Julie,Thompson,rpugh@phillips-mckenzie.com,USA,TAS,Female
D10239,Jason,Hill,qhayden@jones-chase.com,USA,ACT,Female
D10240,Kyle,Bennett,tinasmith@hotmail.com,USA,SA,Other
D10241,Alyssa,Mccall,rachel98@yahoo.com,USA,ACT,Male
D10242,Cynthia,Caldwell,raymond97@yahoo.com,USA,SA,Female
D10243,Dawn,Willis,solismichael@hotmail.com,New Zealand,ACT,Other
D10244,Ashley,Pena,iryan@yahoo.com,USA,NSW,Male
D10245,Anthony,Munoz,uherman@rivera.com,USA,SA,Other
D10246,Amy,Johnson,krista84@hunt-miller.com,India,ACT,Other
D10247,Tonya,Romero,whitesarah@lee-branch.info,USA,NSW,Female
D10248,Anna,Watts,csilva@yahoo.com,India,NT,Male
D10249,Angela,Williams,jbailey@williams.com,USA,QLD,Other
D10250,Amy,Johnson,robin03@hotmail.com,USA,VIC,Male
D10251,Erin,Perez,corey79@hotmail.com,New Zealand,NT,Other
D10252,Jerome,Taylor,estone@morris.org,Australia,WA,Male
D10253,Jennifer,Chaney,cindyjones@hotmail.com,New Zealand,NSW,Other
D10254,Danielle,Guerra,leblancdarren@hotmail.com,Australia,QLD,Male
D10255,Benjamin,Moore,paula93@yahoo.com,Australia,WA,Other
D10256,Mark,Rodriguez,xalvarado@velasquez.com,Australia,WA,Male
D10257,Patrick,Grimes,rebecca89@yahoo.com,USA,ACT,Other
D10258,David,Strong,jmcclure@yahoo.com,India,VIC,Other
D10259,Leon,Ellis,tatejennifer@hughes-johnson.com,New Zealand,WA,Female
D10260,Amanda,Graves,guy16@gmail.com,India,QLD,Female
D10261,Patricia,Richards,allison04@padilla.info,Australia,NSW,Male
D10262,Janet,Morrow,fryjulia@yahoo.com,USA,NSW,Female
D10263,Larry,Weber,dgreen@yahoo.com,New Zealand,SA,Female
D10264,John,Wells,kevinmcmillan@yahoo.com,India,TAS,Other
D10265,Adrian,Frederick,claypaula@burns.com,New Zealand,TAS,Other
D10266,Patrick,Thompson,chad38@gmail.com,India,WA,Female
D10267,Wendy,Mitchell,thomasdavis@gmail.com,Australia,ACT,Male
D10268,Danielle,Thompson,jason49@vasquez.net,New Zealand,QLD,Female
D10269,Gregory,Mcbride,carolynhuff@cummings-english.com,Australia,ACT,Male
D10270,Andrew,White,butlertravis@cisneros-lowe.com,USA,NSW,Female
D10271,Brenda,Lee,paynehayley@barrera.net,New Zealand,NSW,Female
D10272,Christina,Stevens,parkerashley@sanchez-burgess.com,India,VIC,Other
D10273,Deanna,Ashley,joanne27@yahoo.com,Australia,NSW,Other
D10274,Amanda,Burgess,bjames@yahoo.com,India,TAS,Other
D10275,Katie,Silva,zdouglas@hotmail.com,USA,QLD,Male
D10276,Melinda,Henry,sholmes@yahoo.com,India,SA,Female
D10277,Barry,Murphy,bradleyrivera@gmail.com,USA,VIC,Male
D10278,Monica,Mccormick,whitejessica@rodriguez.com,USA,WA,Other
D10279,Jeffrey,Thomas,markstyler@hotmail.com,Australia,SA,Female
D10280,Dakota,Snyder,terrence90@yahoo.com,New Zealand,NSW,Other
D10281,Karen,Johnson,bradley28@alvarado.org,New Zealand,ACT,Male
D10282,Carla,Thompson,paynebrian@myers-compton.com,New Zealand,SA,Female
D10283,Wayne,Bridges,sarah10@gmail.com,Australia,WA,Male
D10284,Nicole,Acevedo,james66@yahoo.com,USA,WA,Male
D10285,Amy,Mcdaniel,jamie72@mitchell.info,New Zealand,ACT,Other
D10286,Mary,Gould,sandrabrown@gmail.com,New Zealand,SA,Female
D10287,Ashley,Warren,robert68@hotmail.com,India,NSW,Female
D10288,Ricky,Robertson,sharonsherman@schwartz-thompson.com,New Zealand,WA,Other
D10289,Robin,Greer,katherine44@gmail.com,Australia,NSW,Female
D10290,Charles,Mccarthy,dustin17@white-burns.com,USA,NT,Female
D10291,Jessica,Hunter,hartmichael@gmail.com,Australia,SA,Female
D10292,Jessica,Mason,bentleyandrea@yahoo.com,New Zealand,WA,Other
D10293,Emma,Mason,pmelton@conner-johnson.biz,Australia,SA,Male
D10294,Tyler,Fisher,hailey21@medina.com,USA,SA,Female
D10295,Thomas,Richardson,mtaylor@kelly-johnson.biz,Australia,NT,Other
D10296,Jeremy,Adams,lindacarter@myers.biz,USA,WA,Other
D10297,Stephanie,Ritter,guzmanbryan@gmail.com,New Zealand,VIC,Female
D10298,Stacey,Bell,tina11@gmail.com,India,WA,Other
D10299,Claudia,Tucker,michaelpearson@gilmore.com,New Zealand,TAS,Female
D10300,Scott,Beasley,robert78@gutierrez.org,India,QLD,Female
D10301,Dennis,Ochoa,randalllopez@hobbs.biz,India,TAS,Female
D10302,Erin,Moore,andersonjonathan@davidson-patton.com,New Zealand,NSW,Male
D10303,Ernest,Jones,jose77@hotmail.com,India,VIC,Female
D10304,Darren,Sawyer,alexis20@gmail.com,New Zealand,TAS,Other
D10305,Laura,Gregory,rachelmeyers@pearson-russell.com,USA,NSW,Male
D10306,Kristin,Pearson,qhurst@yahoo.com,India,WA,Other
D10307,Tracy,Jones,angela39@yahoo.com,USA,ACT,Other
D10308,Melinda,Ray,thomastodd@douglas.com,New Zealand,VIC,Female
D10309,Thomas,Friedman,joshua17@williams.info,USA,WA,Male
D10310,Stephanie,Hunt,cgoodwin@galloway-morales.com,Australia,NSW,Female
D10311,Heather,Sharp,sthomas@roberts.com,USA,ACT,Male
D10312,Christopher,Peterson,stevensrick@leblanc-garcia.com,New Zealand,NT,Other
D10313,Justin,Garcia,pellis@yahoo.com,New Zealand,QLD,Male
D10314,Karen,Singh,ncarter@gmail.com,Australia,QLD,Female
D10315,Jordan,King,brittanycox@hotmail.com,New Zealand,NT,Male
D10316,Mary,Allen,huntricardo@hotmail.com,India,ACT,Male
D10317,Karina,Carpenter,pwalker@jefferson.com,India,QLD,Other
D10318,Donna,Roberts,kirk84@rodriguez-robertson.com,New Zealand,TAS,Other
D10319,Heather,Jackson,stephaniewheeler@hotmail.com,India,NT,Other
D10320,Ellen,Barron,michael07@gmail.com,India,QLD,Male
D10321,Nancy,Gilbert,ywoods@douglas.com,Australia,NT,Other
D10322,Matthew,Mendez,ularson@kemp.net,New Zealand,SA,Other
D10323,Emily,Sullivan,benjaminmora@gmail.com,USA,TAS,Male
D10324,Joann,Moore,aaronjohnson@dodson.net,USA,ACT,Male
D10325,Julie,Henry,robert53@hotmail.com,USA,VIC,Female
D10326,Richard,Martin,david72@gmail.com,Australia,NSW,Female
D10327,Jonathan,Reynolds,hmoore@alvarez-li.com,USA,ACT,Other
D10328,Peter,Clark,jennifer91@montgomery-flowers.com,India,NT,Female
D10329,Alejandra,Morgan,alfred22@yahoo.com,Australia,NSW,Other
D10330,William,Wells,laura11@ball.org,India,NT,Male
D10331,Diane,Hunt,jefferylopez@yahoo.com,USA,NSW,Male
D10332,Richard,Dunlap,epage@burton.org,USA,ACT,Other
D10333,Steven,Rivas,georgevictoria@hotmail.com,India,NT,Female
D10334,Joseph,Simmons,rberry@hotmail.com,New Zealand,SA,Male
D10335,Ann,Esparza,kevin87@hotmail.com,USA,NT,Other
D10336,Stacey,Smith,kingnicole@hotmail.com,New Zealand,VIC,Other
D10337,Jacqueline,Anderson,megan43@gmail.com,India,QLD,Female
D10338,Don,Johnson,krogers@brooks.com,India,TAS,Other
D10339,Jay,Lee,john67@nelson.com,USA,NT,Other
D10340,Anthony,Martinez,jessica29@walker.com,Australia,SA,Female
D10341,John,Lewis,owenjoshua@moss.com,USA,VIC,Male
D10342,David,Rodriguez,amanda35@gonzalez.biz,India,NT,Female
D10343,Sandra,Moore,laura03@schultz.com,India,VIC,Other
D10344,Joseph,Hodges,cjoyce@jackson.com,New Zealand,NSW,Other
D10345,Amy,Callahan,kellerronald@porter-snow.info,New Zealand,ACT,Female
D10346,Melissa,Peters,mgarcia@hotmail.com,India,ACT,Other
D10347,Tammy,Logan,jbradley@castillo-bishop.org,New Zealand,QLD,Female
D10348,Gary,Dunn,james85@brown.com,New Zealand,TAS,Female
D10349,David,Huff,caleb95@gmail.com,USA,VIC,Female
D10350,Taylor,Perkins,michelleshannon@kelly.com,New Zealand,VIC,Female
D10351,Miranda,Barrett,smithmichael@blair-bradley.biz,Australia,WA,Other
D10352,Larry,Mcdonald,robert61@yahoo.com,India,ACT,Male
D10353,William,Sandoval,mnicholson@reeves-silva.com,New Zealand,SA,Other
D10354,Kylie,Reeves,elaine68@hotmail.com,USA,WA,Other
D10355,Krystal,Wood,elizabethjarvis@hart-washington.biz,India,QLD,Female
D10356,Ashley,Walsh,bstevens@dixon-ibarra.biz,Australia,WA,Other
D10357,Stacy,Roth,johnsonspencer@gmail.com,New Zealand,WA,Other
D10358,Dustin,Martinez,allenramsey@campbell.com,Australia,TAS,Male
D10359,Faith,Strickland,sflores@meyers-simmons.com,Australia,NSW,Male
D10360,Marcus,Alvarez,steven68@hotmail.com,New Zealand,VIC,Male
D10361,Eric,Garcia,brandon86@martin.com,New Zealand,TAS,Female
D10362,Elizabeth,Olson,gsmith@hotmail.com,USA,QLD,Female
D10363,Katherine,Randall,david00@meyer.com,India,VIC,Other
D10364,Gene,Lynch,rmorgan@gmail.com,India,TAS,Other
D10365,Donna,Murray,harriskenneth@hotmail.com,Australia,NSW,Female
D10366,Shane,Sandoval,elizabeth19@anderson.com,India,TAS,Female
D10367,Kimberly,Cannon,petersonjennifer@phelps.info,New Zealand,SA,Male
D10368,Wesley,Kim,zachary47@yahoo.com,New Zealand,NSW,Female
D10369,Cynthia,Mills,cranejustin@mcgrath-oconnell.net,Australia,VIC,Other
D10370,Laurie,Hodge,mark68@hotmail.com,USA,NSW,Other
D10371,Heather,Brown,nreyes@hotmail.com,India,NSW,Other
D10372,Sydney,Perkins,mccarthychristopher@gmail.com,New Zealand,TAS,Female
D10373,Lindsey,Brown,lindsaybarnes@yang.info,New Zealand,WA,Male
D10374,Randall,Moore,devon32@lewis.biz,New Zealand,TAS,Female
D10375,Lindsey,Walker,bhiggins@hotmail.com,USA,SA,Female
D10376,Kenneth,Foster,ericacollins@guzman.com,India,TAS,Female
D10377,Judy,Benson,lneal@wallace.com,New Zealand,NSW,Male
D10378,Jamie,Davis,austindelacruz@yahoo.com,Australia,ACT,Male
D10379,Troy,Smith,jeannebrown@webb.com,India,NSW,Other
D10380,Rachael,Murphy,richardsonelizabeth@bennett.com,India,NT,Male
D10381,Andrew,Washington,rlopez@diaz-kirby.com,USA,WA,Male
D10382,Mariah,Johnson,rgilbert@rodriguez.info,India,NSW,Male
D10383,Margaret,Booth,kristin82@cook.net,India,ACT,Other
D10384,Andrea,Salazar,harringtonmichael@burke.biz,Australia,NSW,Other
D10385,Michael,Suarez,matthewssara@gmail.com,USA,NT,Other
D10386,William,Hanson,bootherin@hansen.biz,USA,QLD,Other
D10387,Shawn,Robinson,brandon58@lane-hill.biz,India,NSW,Other
D10388,Steven,Allen,wilsondenise@mccarty-cooper.com,New Zealand,QLD,Female
D10389,Johnathan,Robinson,fjones@king.org,India,TAS,Female
D10390,Brittany,Rivera,mitchellpetersen@davis.com,New Zealand,VIC,Female
D10391,Scott,Little,livingstonsarah@le-wilson.biz,New Zealand,SA,Other
D10392,Timothy,Davis,dponce@yahoo.com,New Zealand,ACT,Female
D10393,Jason,Oconnor,becky15@fuller-english.org,Australia,SA,Female
D10394,Heather,Murphy,garzasamantha@miles.org,Australia,ACT,Male
D10395,William,Lee,noahmarquez@hotmail.com,Australia,WA,Other
D10396,Jason,Gray,hbradley@gmail.com,USA,ACT,Female
D10397,Michelle,Clark,james30@hotmail.com,Australia,VIC,Other
D10398,Stephanie,Fitzpatrick,mdavid@yahoo.com,India,ACT,Other
D10399,George,Melton,paultate@castillo.com,India,NT,Female
D10400,Elizabeth,Griffin,fowlerjamie@gmail.com,Australia,SA,Other
D10401,Sean,Molina,dfisher@gmail.com,India,NSW,Male
D10402,Christopher,Todd,jacksonaustin@gmail.com,USA,VIC,Male
D10403,Kelsey,Jones,ashley39@gmail.com,USA,WA,Female
D10404,Maria,Rodgers,amanda74@hotmail.com,USA,NSW,Other
D10405,Jennifer,Fritz,sbryant@roach.com,Australia,TAS,Male
D10406,Susan,Lee,zgrant@hotmail.com,New Zealand,NSW,Other
D10407,Jennifer,Knight,michael00@kelly.com,USA,NSW,Male
D10408,Kayla,Cruz,ashleysilva@hotmail.com,USA,SA,Female
D10409,Kiara,Avila,warnerdustin@yahoo.com,Australia,SA,Female
D10410,Linda,Dean,aguilarerica@yahoo.com,USA,QLD,Male
D10411,Molly,Shelton,stephen33@gmail.com,USA,TAS,Other
D10412,Vanessa,Waters,craig16@armstrong.com,India,VIC,Other
D10413,Harold,Preston,barnesthomas@yahoo.com,Australia,NT,Male
D10414,Alexis,Quinn,brownsara@osborne.com,India,SA,Male
D10415,Cody,Turner,jasonparks@gmail.com,USA,TAS,Female
D10416,Heidi,Scott,sheilarodriguez@abbott.info,India,SA,Female
D10417,Rebecca,Martin,woodsdiane@yahoo.com,New Zealand,SA,Female
D10418,Mary,Watson,laura94@clark-bowers.org,India,QLD,Other
D10419,James,Turner,ydudley@gmail.com,USA,SA,Other
D10420,Tonya,Nguyen,dawnbuckley@gmail.com,Australia,WA,Male
D10421,Sharon,Turner,jerry20@thompson.com,USA,SA,Other
D10422,Shane,Rodriguez,randall47@frye.com,USA,VIC,Other
D10423,Michael,Garcia,steveeverett@valencia.com,USA,WA,Female
D10424,Jonathan,Mendez,mitchellangela@gmail.com,New Zealand,NSW,Female
D10425,Richard,Jennings,nunezchristina@gmail.com,USA,TAS,Male
D10426,Jerry,Boyer,laura92@hotmail.com,USA,WA,Male
D10427,Joseph,Martinez,chavezchristopher@yahoo.com,New Zealand,VIC,Male
D10428,Ashley,Mcdonald,grantkayla@howard.net,New Zealand,NT,Female
D10429,Jerry,Grant,fgentry@gmail.com,USA,VIC,Other
D10430,Christopher,Riddle,michaelcollins@hotmail.com,Australia,SA,Other
D10431,Jason,Sanchez,kjames@hotmail.com,India,NT,Male
D10432,Debra,Coleman,steven50@suarez.info,USA,QLD,Female
D10433,Clifford,Jones,guerreroanthony@cole.com,India,NT,Female
D10434,Blake,Harris,ljones@freeman.info,India,ACT,Male
D10435,Robert,Stewart,daniel47@henderson.info,Australia,NSW,Other
D10436,Frank,Krueger,maria99@strong.com,USA,NT,Female
D10437,Thomas,Atkinson,erichester@vance.com,USA,WA,Male
D10438,Robert,Travis,ramirezjustin@hotmail.com,Australia,NSW,Male
D10439,Douglas,Hardin,april86@gordon.org,USA,QLD,Other
D10440,Allison,Pena,halvarado@gmail.com,Australia,TAS,Other
D10441,Brandon,Johnson,jade93@hotmail.com,Australia,QLD,Other
D10442,Paul,Berger,donna10@gmail.com,New Zealand,SA,Male
D10443,Travis,Henderson,eprice@smith-gregory.biz,New Zealand,ACT,Other
D10444,Morgan,Morris,christian05@smith.com,India,QLD,Male
D10445,Shannon,Gibson,mconley@lewis.com,New Zealand,TAS,Female
D10446,Stephanie,Hendricks,jmoore@yahoo.com,India,SA,Other
D10447,Jeremy,Thomas,gardnerkayla@lewis-beck.biz,New Zealand,TAS,Other
D10448,Martha,Atkins,jeremy78@yahoo.com,USA,VIC,Other
D10449,Sierra,Payne,nicholas50@hutchinson.com,India,QLD,Female
D10450,Amanda,Patrick,whitney85@hotmail.com,New Zealand,SA,Male
D10451,Kristen,Parker,hmartin@yahoo.com,India,WA,Other
D10452,Nathan,Murray,paulsmith@hotmail.com,India,WA,Male
D10453,Curtis,Harris,joshua64@house-rodriguez.com,USA,VIC,Male
D10454,Pamela,Campbell,paul14@cervantes.com,India,NT,Other
D10455,Michael,Boyle,acevedogina@mcguire.org,Australia,WA,Other
D10456,Warren,Brooks,ross86@cabrera-pearson.biz,USA,VIC,Female
D10457,Luis,Ray,piercejohn@paul.com,Australia,QLD,Female
D10458,Theresa,Scott,alexanderoliver@hotmail.com,India,VIC,Other
D10459,Erica,Hall,ykoch@hotmail.com,India,NSW,Other
D10460,Billy,Carr,rjohnson@wilson.net,New Zealand,TAS,Other
D10461,Derek,Gross,joseph80@yahoo.com,Australia,SA,Other
D10462,Margaret,Shaw,aguerra@walker.info,USA,QLD,Other
D10463,Kimberly,Cortez,skennedy@thompson.com,New Zealand,SA,Male
D10464,Brittany,Hill,keith96@stewart.com,Australia,QLD,Other
D10465,Elizabeth,Walker,brett01@yahoo.com,New Zealand,NSW,Other
D10466,Ann,Clayton,gbecker@owen.com,Australia,NSW,Male
D10467,Ashley,Martin,andersoncatherine@yahoo.com,Australia,ACT,Female
D10468,Lance,Rodriguez,bentleytimothy@yahoo.com,Australia,TAS,Other
D10469,Emily,Hogan,williamskevin@gmail.com,New Zealand,ACT,Female
D10470,Daniel,Huang,victoriamoss@garrison.biz,New Zealand,VIC,Male
D10471,Cindy,Hodge,daniellewilliams@wells.biz,New Zealand,ACT,Other
D10472,Tyler,Burke,lyonsanthony@munoz.net,USA,NSW,Other
D10473,Sarah,Thomas,russellhernandez@hotmail.com,Australia,QLD,Female
D10474,Mark,Robinson,ywest@yahoo.com,USA,QLD,Other
D10475,Ann,Calhoun,arellanojames@yahoo.com,Australia,NSW,Female
D10476,Susan,Conway,kimberly13@gmail.com,Australia,NSW,Female
D10477,Julie,Roberts,ialexander@yahoo.com,New Zealand,ACT,Female
D10478,Jesse,Robinson,estradagary@orozco.com,India,SA,Other
D10479,Michelle,Bryant,kiddmark@harris-mendoza.com,India,VIC,Male
D10480,Zachary,Lowe,danaholland@johnson.com,India,NT,Female
D10481,Robert,Bell,petersluis@huffman-dunn.biz,USA,QLD,Other
D10482,Kari,Solis,donvillanueva@wood.com,New Zealand,ACT,Other
D10483,Julia,Williams,barberjennifer@hotmail.com,Australia,TAS,Male
D10484,Caitlyn,Vang,jason35@chambers-green.info,New Zealand,TAS,Other
D10485,Jennifer,Hughes,tracy82@yahoo.com,India,NT,Female
D10486,Anna,Ruiz,chloe03@green.biz,New Zealand,WA,Other
D10487,Allen,Preston,benjaminortiz@yahoo.com,New Zealand,VIC,Female
D10488,Joseph,Nelson,xdixon@alexander.com,Australia,TAS,Female
D10489,Roy,Martin,umedina@gmail.com,New Zealand,NSW,Female
D10490,Garrett,Williams,iosborne@yang.com,India,NSW,Male
D10491,John,Newton,natashajohnson@potter.net,Australia,ACT,Other
D10492,Stephanie,Stokes,smithjaclyn@gmail.com,New Zealand,WA,Other
D10493,Hunter,Fitzgerald,aguilarjeremy@gmail.com,Australia,NT,Other
D10494,Sandra,Mora,dana67@yahoo.com,USA,ACT,Other
D10495,Emily,Richardson,sbender@craig.com,New Zealand,VIC,Male
D10496,Theodore,Henson,leerobert@hotmail.com,India,NSW,Male
D10497,Brandon,Moyer,kyle72@turner.com,USA,TAS,Male
D10498,Crystal,Patrick,barajasjoseph@hotmail.com,USA,SA,Other
D10499,Joel,Jones,cynthia25@reese.biz,India,TAS,Male
